model,train_log_loss,train_auc,train_accuracy,test_log_loss,test_auc,test_accuracy
deck,0.6593156370014165,0.6355049808669722,0.6036567922935084,0.6953908847345862,0.5472130138328696,0.5465348718584998
drawn,0.6614677541947812,0.6334095315339315,0.6070654328008409,0.6662739787388489,0.6220665313402878,0.5987564966844507
