model,train_log_loss,train_auc,train_accuracy,test_log_loss,test_auc,test_accuracy
drawn_without_basics,0.6767361678061642,0.5905172019326871,0.5749038249261366,0.6795498130810874,0.5811724053440833,0.5694987223808808
