model,train_log_loss,train_auc,train_accuracy,test_log_loss,test_auc,test_accuracy
drawn_without_basics,0.6746902851054447,0.596511618294048,0.5774027328282283,0.6798926296989692,0.5809291648084477,0.5688599128212837
