model,train_log_loss,train_auc,train_accuracy,test_log_loss,test_auc,test_accuracy
drawn_without_basics,0.6729548466573357,0.6006735848278552,0.5796929121646074,0.6776014730405396,0.5855151905844831,0.5714325103050857
